[
  {
    "id": 1,
    "blogtitle": "Smashing: A New Content Curation App From Goodreads Co-Founder",
    "description": "Image Credits: Smashing Goodreads’ co-founder Otis Chandler has launched a new AI",
   "image": "/assets/images/home/blog1.png"

  },
  {
    "id": 2,
    "blogtitle": "Revolutionize Project Management With AI: Skyrocket ROI And Boost Productivity",
    "description": "Image Credits: Smashing Goodreads’ co-founder Otis Chandler has launched a new AI",
   "image": "/assets/images/home/blog2.jpg"

  },
  {
    "id": 3,
    "blogtitle": "Smashing: A New Content Curation App From Goodreads Co-Founder",
    "description": "Image Credits: Smashing Goodreads’ co-founder Otis Chandler has launched a new AI",
   "image": "/assets/images/home/blog3.png"

  }
]
